website_url,is_blocked
https://www.kidsdiscover.com,false
https://www.sesamestreet.org,false
https://www.pandora.com,true
https://gitlab.com,false
https://www.autodesk.com,false
https://www.cartoonnetwork.com,true
https://www.openlibrary.org,false
https://www.upenn.edu,false
https://www.sciencefriday.com,false
https://www.mathworks.com,false
https://www.zoosk.com,true
https://www.nasa.gov,false
https://www.intouchweekly.com,true
https://www.forbes.com,false
https://www.tumblr.com,true
https://www.history.com,false
https://www.ign.com,true
https://www.thecut.com,true
https://www.gutenberg.org,false
https://www.urbandictionary.com,true
https://www.uelberta.ca,false
https://www.uscourts.gov,false
https://www.schoology.com,false
https://www.tiktok.com,true
https://www.kaspersky.com,false
https://www.thisamericanlife.org,false
https://www.vice.com,true
https://www.wired.com,false
https://www.american.edu,false
https://www.cdc.gov,false
https://www.espn.com,true
https://www.4chan.org,true
https://www.cheatsheet.com,true
https://www.w3schools.com,false
https://www.grindr.com,true
https://www.nationalgeographic.org,false
https://www.buzzfeed.com,true
https://www.mathsisfun.com,false
https://www.who.int,false
https://www.slideshare.net,false
https://www.cyberciti.biz,false
https://www.mayoclinic.org,false
https://www.barnesandnoble.com,true
https://www.cnn.com,false
https://www.greenpeace.org,false
https://www.arduino.cc,false
https://www.kickstarter.com,true
https://www.dailypakistan.com,false
https://www.reuters.com,false
https://www.reddit.com,true
https://www.repl.it,false
https://www.funbrain.com,false
https://www.nga.gov,false
https://www.imdb.com,false
https://www.ranker.com,true
https://www.gizmodo.com,false
https://www.uchicago.edu,false
https://www.espn.com,true
https://www.cracked.com,true
https://www.usa.gov,false
https://www.worldwildlife.org,false
https://www.usda.gov,false
https://www.cheapstake.com,true
https://www.wikipedia.org,false
https://www.netflix.com,true
https://www.intellibrary.org,false
https://www.scientificamerican.com,false
https://www.dailymail.co.uk,true
https://www.mathoverflow.net,false
https://www.raspberrypi.org,false
https://www.disneyplus.com,true
https://www.nasdaq.com,false
https://www.chegg.com,false
https://www.pinterest.com,true
https://www.khanacademy.org,false
https://www.bet365.com,true
https://www.ed.gov,false
https://www.fanduel.com,true
https://www.weather.com,false
https://www.utexas.edu,false
https://www.nga.gov,false
https://www.newscientist.com,false
https://www.soundcloud.com,true
https://www.thesun.co.uk,true
https://www.virginia.gov,false
https://www.thehollywoodgossip.com,true
https://www.4everproxy.com,true
https://www.jstor.org,false
https://www.boredpanda.com,true
https://www.hulu.com,true
https://www.zappos.com,true
https://www.cdc.gov,false
https://www.gov.ca.gov,false
https://www.urbanoutfitters.com,true
https://www.vogue.com,true
https://www.sciencekids.co.nz,false
https://www.pcmag.com,false
https://www.uoft.ca,false
https://www.nytimes.com,false
https://www.bloomberg.com,false
https://www.historynet.com,false
https://www.kiwifarms.net,true
https://www.utexas.edu,false
https://www.oercommons.org,false
https://www.mlb.com,true
https://www.snopes.com,false
https://www.louvre.fr,false
https://www.zoom.com,false
https://www.coursera.org,false
https://www.goldman.com,false
https://www.gapminder.org,false
https://www.adobe.com,false
https://www.pearson.com,false
https://www.princeton.edu,false
https://www.craigslist.org,true
https://www.weforum.org,false
https://www.draftkings.com,true
https://www.oxfam.org,false
https://www.un.org,false
https://www.jezebel.com,true
https://www.espn.com,true
https://www.edx.org,false
https://www.sfchronicle.com,false
https://www.washingtonpost.com,false
https://www.stanford.edu,false
https://www.gucci.com,true
https://www.playboy.com,true
https://www.ihmc.us,false
https://www.freecodecamp.org,false
https://www.pearson.com,false
https://www.allmusic.com,false
https://www.dhs.gov,false
https://www.psychologytoday.com,false
https://www.economist.com,false
https://www.abcya.com,false
https://www.betway.com,true
https://www.espn.com,true
https://www.startpage.com,false
https://www.usatoday.com,false
https://www.twitter.com,true
https://www.britannica.com,false
https://www.intel.com,false
https://www.xnxx.com,true
https://www.people.com,true
https://www.uchicago.edu,false
https://www.brown.edu,false
https://www.vimeo.com,true
https://www.oracle.com,false
https://www.bing.com,false
https://www.livescience.com,false
https://www.apple.com,false
https://www.twitch.tv,true
https://www.ihmc.us,false
https://www.ietf.org,false
https://www.nationalreview.com,false
https://www.virginia.edu,false
https://www.instructables.com,false
https://www.4chan.org,true
https://www.redhat.com,false
https://www.nhl.com,true
https://www.espn.com,true
https://www.mlb.com,true
https://www.state.gov,false
https://www.nsfwreddit.com,true
https://www.ancestry.com,false
https://www.dropbox.com,true
https://www.google.com,false
https://www.pexels.com,false
https://www.aps.org,false
https://www.noaa.gov,false
https://www.buzzfeed.com,true
https://www.historyextra.com,false
https://www.discovery.com,false
https://www.lego.com,true
https://www.pornhub.com,true
https://www.mit.edu,false
https://www.espn.com,true
https://www.ashleymadison.com,true
https://www.arxiv.org,false
https://www.jpl.nasa.gov,false
https://www.lds.org,false
https://www.georgia.gov,false
https://www.msu.edu,false
https://www.springer.com,false
https://www.foxsports.com,true
https://www.kenhub.com,false
https://www.mass.gov,false
https://www.pluralsight.com,false
https://www.wikipedia.org,false
https://www.kickstarter.com,true
https://www.indiatoday.in,false
https://www.sfgate.com,false
https://www.nature.sciencemag.org,false
https://www.sporcle.com,false
https://www.quora.com,true
https://www.vh1.com,true
https://www.newegg.com,true
https://www.instructables.com,false
https://www.mozilla.org,false
https://www.chesapeakebay.net,false
https://www.theguardian.com,false
https://www.kahoot.com,false
https://www.sears.com,true
https://www.freethechildren.com,false
https://www.coursera.org,false
https://www.pinterest.com,true
https://www.columbia.edu,false
https://www.tynker.com,false
https://www.canva.com,false
https://www.plesk.com,false
https://www.npr.org,false
https://www.wikipedia.org,false
https://www.epicgames.com,true
https://www.intellibest.com,false
https://www.harvard.edu,false
https://www.gutenberg.org,false
https://www.lego.com,true
https://www.cbssports.com,true
https://www.espn.com,true
https://www.shmoop.com,false
https://www.washingtonpost.com,false
https://www.webmd.com,false
https://www.geeksforgeeks.org,false
https://www.edx.org,false
https://www.ubc.ca,false
https://www.github.com,false
https://www.epa.gov,false
https://www.hbomax.com,true
https://www.bbc.com,false
https://www.quizlet.com,false
https://www.ams.org,false
https://www.soundcloud.com,true
https://www.dhs.gov,false
https://www.thesaurus.com,false
https://www.4chan.org,true
https://www.britannica.com,false
https://www.shop.com,true
https://www.vimeo.com,true
https://www.tufts.edu,false
https://www.betmgm.com,true
https://www.upwork.com,false
https://www.archives.gov,false
https://www.chaturbate.com,true
https://www.bbc.com,false
https://www.teenvogue.com,true
https://www.reevaluateeducation.org,false
https://www.chicagotribune.com,false
https://www.edutopia.org,false
https://www.entrepreneur.com,false
https://www.lowes.com,true
https://www.pearson.com,false
https://www.edge.org,false
https://www.espn.com,true
https://www.mercurynews.com,false
https://www.coursera.org,false
https://www.trinity.edu,false
https://www.moneyguru.com,false
https://www.gofundme.com,false
https://www.sporcle.com,false
https://www.buffalo.edu,false
https://www.bbc.co.uk,false
https://www.animalaid.org,false
https://www.usgs.gov,false
https://www.cosmopolitan.com,true
https://www.espn.com,true
https://www.splunk.com,false
https://www.team-skeet.com,true
https://www.nationalgeographic.com,false
https://www.purdue.edu,false
https://www.nea.org,false
https://www.utexas.edu,false
https://www.espn.com,true
https://www.boston.com,false
https://www.linux.com,false
https://www.bumble.com,true
https://www.trio.so,false
https://www.sporcle.com,false
https://www.sporcle.com,false
https://www.ucf.edu,false
https://www.freepik.com,false
https://www.guardian.co.uk,false
https://www.ars-phila.org,false
https://www.yc.edu,false
https://www.homedepot.com,true
https://www.irs.gov,false
https://www.audible.com,false
https://www.universalorlando.com,true
https://www.break.com,true
https://www.hustler.com,true
https://www.mercurynews.com,false
https://www.businessinsider.com,false
https://www.historychannel.com,false
https://www.nasa.gov,false
https://www.zhihu.com,true
https://www.cyber.org,false
https://www.nhl.com,true
https://www.usc.edu,false
https://www.yale.edu,false
https://www.vimeo.com,true
https://www.mit.edu,false
https://www.discovermagazine.com,false
https://www.eff.org,false
https://www.ipl.org,false
https://www.nga.gov,false
https://www.urbandictionary.com,true
https://www.bravotv.com,true
https://www.chess.com,true
https://www.smithsonianmag.com,false
https://www.nature.com,false
https://www.hotwired.com,false
https://www.espn.com,true
https://www.arizona.edu,false
https://www.upenn.edu,false
https://www.4h.org,false
https://www.duckduckgo.com,false
https://www.soundcloud.com,true
https://www.foxnews.com,false
https://www.nydailynews.com,false
https://www.nyc.gov,false
https://www.owasp.org,false
https://www.quora.com,true
https://www.nap.edu,false
https://www.uscourts.gov,false
https://www.freepik.com,false
https://www.highlights.com,false
https://www.gutenberg.org,false
https://www.rutgers.edu,false
https://www.vice.com,true
https://www.superuser.com,false
https://www.imgflip.com,true
https://www.pinterest.com,true
https://www.nasa.gov,false
https://www.lichess.org,false
https://www.buzzfeed.com,true
https://www.nationalacademies.org,false
https://www.ebaumsworld.com,true
https://www.jstor.org,false
https://www.ipl.org,false
https://www.uw.edu,false
https://www.factcheck.org,false
https://www.drive.google.com,true
https://www.classmates.com,true
https://www.umiami.edu,false
https://www.linkedin.com,true
https://www.hackerrank.com,false
https://www.aljazeera.com,false
https://www.openstreetmap.org,false
https://www.urbanoutfitters.com,true
https://www.smithsonianmag.com,false
https://www.howtogeek.com,false
https://www.mit.edu,false
https://www.android.com,false
https://www.abcnews.go.com,false
https://www.kickstarter.com,true
https://www.k12.org,false
https://www.nap.edu,false
https://www.indiatimes.com,false
https://www.stanford.edu,false
https://www.linuxfoundation.org,false
https://www.history.com,false
https://www.omega.org,false
https://www.3blue1brown.com,false
https://www.minecraft.net,true
https://www.discoveryeducation.com,false
https://www.washington.edu,false
https://www.allsides.com,false
https://www.ieee.org,false
https://www.memrise.com,false
https://www.dell.com,false
https://www.hackaday.com,false
https://www.zynga.com,true
https://www.sporcle.com,false
https://www.usc.edu,false
https://www.shutterstock.com,false
https://www.masterclass.com,false
https://www.theringer.com,false
https://www.stackexchange.com,false
https://www.masterclass.com,false
https://www.baeldung.com,false
https://www.betfair.com,true
https://www.duolingo.com,false
https://www.leagueoflegends.com,true
https://www.bbc.com,false
https://www.cia.gov,false
https://www.eonline.com,true
https://www.technologyreview.com,false
https://www.edenproject.com,false
https://www.huffpost.com,false
https://www.foxsports.com,true
https://www.usc.edu,false
https://www.nih.gov,false
https://www.cnn.com,false
https://www.theonion.com,false
https://www.foxsports.com,true
https://www.tumblr.com,true
https://www.xhamster.com,true
https://www.espn.com,true
https://www.dell.com,false
https://www.goldmansachs.com,false
https://www.kenhub.com,false
https://www.asha.org,false
https://www.indiatoday.in,false
https://www.shopify.com,true
https://www.linuxfoundation.org,false
https://www.contentanalysis.com,false
https://www.xvideos.com,true
https://www.nih.gov,false
https://www.irs.gov,false
https://www.wired.com,false
https://www.espn.com,true
https://www.kodable.com,false
https://www.nfl.com,true
https://www.wikipedia.org,false
https://www.theatlantic.com,false
https://www.msnbc.com,false
https://www.eporner.com,true
https://www.nga.gov,false
https://www.github.com,false
https://www.homedepot.com,true
https://www.wattpad.com,true
https://www.wikipedia.org,false
https://www.behance.net,false
https://www.fbi.gov,false
https://www.vice.com,true
https://www.addictinggames.com,true
https://www.tumblr.com,true
https://www.twitch.tv,true
https://www.topcoder.com,false
https://www.indeed.com,false
https://www.foxsports.com,true
https://www.si.edu,false
https://www.etsy.com,true
https://www.dhs.gov,false
https://www.theatlantic.com,false
https://www.usc.edu,false
https://www.pearson.com,false
https://www.slashdot.org,false
https://www.abcnews.go.com,false
https://www.coursera.org,false
https://www.team-skeet.com,true
https://www.google.com,false
https://www.mit.edu,false
https://www.codecademy.com,false
https://www.roblox.com,true
https://www.uchicago.edu,false
https://www.nfl.com,true
https://www.utexas.edu,false
https://www.gab.com,true
https://www.scholastic.com,false
https://www.jstor.org,false
https://www.wsj.com,false
https://www.trello.com,false
https://www.hinge.co,true
https://www.history.org,false
https://www.coursera.org,false
https://www.ea.com,false
https://www.adidas.com,true
https://www.thehollywoodreporter.com,true
https://www.nature.org,false
https://www.mlb.com,true
https://www.c-span.org,false
https://www.123movies.to,true
https://www.ehow.com,false
https://www.ietf.org,false
https://www.gnome.org,false
https://www.4everproxy.com,true
https://www.pornhub.com,true
https://www.eharmony.com,true
https://www.tiktok.com,true
https://www.investopedia.com,false
https://www.dailymotion.com,true
https://www.gcflearnfree.org,false
https://www.sporcle.com,false
https://www.sciencedaily.com,false
https://www.publicagents.com,true
https://www.arduino.cc,false
https://www.businessinsider.com,false
https://www.xnxx.com,true
https://www.house.gov,false
https://www.buzzfeed.com,true
https://www.tomsguide.com,false
https://www.mediafire.com,true
https://www.starbucks.com,true
https://www.liveleak.com,true
https://www.irs.gov,false
https://www.myfreecams.com,true
https://www.pbslearningmedia.org,false
https://www.seterra.com,false
https://www.intouchweekly.com,true
https://www.bbc.com,false
https://www.american.edu,false
https://www.virginia.edu,false
https://www.utexas.edu,false
https://www.hbo.com,true
https://www.gamespot.com,true
https://www.furaffinity.net,true
https://www.howstuffworks.com,false
https://www.xbox.com,true
https://www.raspberrypi.org,false
https://www.nationalgeographic.com,false
https://www.udacity.com,false
https://www.aaas.org,false
https://www.indeed.com,false
https://www.bumble.com,true
https://www.hhs.gov,false
https://www.eagleforum.org,false
https://www.ohio.gov,false
https://www.helloproject.com,true
https://www.cnet.com,false
https://www.dell.com,false
https://www.biography.com,false
https://www.mastodon.social,true
https://www.si.edu,false
https://www.askdruniverse.wsu.edu,false
https://www.astrobiology.com,false
https://www.hackforums.net,true
https://www.coursera.org,false
https://www.sporcle.com,false
https://www.thechive.com,true
https://www.java.com,false
https://www.att.com,false
https://www.huffpost.com,false
https://www.ancestry.com,false
https://www.gutenberg.org,false
https://www.livescience.com,false
https://www.caltech.edu,false
https://www.theguardian.com,false
https://www.pearson.com,false
https://www.databricks.com,false
https://www.ed.gov,false
https://www.chick-fil-a.com,true
https://www.si.edu,false
https://www.gapminder.org,false
https://www.mathoverflow.net,false
https://www.ucsd.edu,false
https://www.familysearch.org,false
https://www.netflix.com,true
https://www.eliteprospects.com,false
https://www.betfred.com,true
https://www.seattletimes.com,false
https://www.instagram.com,true
https://www.open.edu,false
https://www.epa.gov,false
https://www.mediafire.com,true
https://www.slickdeals.net,true
https://www.irs.gov,false
https://www.ohchr.org,false
https://www.wayfair.com,true
https://www.wsj.com,false
https://www.harvard.edu,false
https://www.craigslist.org,true
https://www.uscourts.gov,false
https://www.lego.com,true
https://www.nist.gov,false
https://www.audubon.org,false
https://www.linuxfoundation.org,false
https://www.usembassy.gov,false
https://www.addictinggames.com,true
https://www.kodable.com,false
https://www.cmu.edu,false
https://www.vice.com,true
https://www.discord.com,true
https://www.msn.com,false
https://www.kaggle.com,false
https://www.superuser.com,false
https://www.monash.edu,false
https://www.cia.gov,false
https://www.webmd.com,false
https://www.eff.org,false
https://www.nga.gov,false
https://www.ning.com,false
https://www.4everproxy.com,true
https://www.pinterest.com,true
https://www.coursera.org,false
https://www.kidshealth.org,false
https://www.johnshopkins.edu,false
https://www.androidpolice.com,false
https://www.homedepot.com,true
https://www.redtube.com,true
https://www.rollingstone.com,false
https://www.mlb.com,true
https://www.patreon.com,true
https://www.ask.com,false
https://www.britishmuseum.org,false
https://www.lichess.org,false
https://www.ajc.com,false
https://www.uefa.com,false
https://www.abcya.com,false
https://www.wsj.com,false
https://www.kastatic.org,false
https://www.ted.com,false
https://www.linktr.ee,false
https://www.gallup.com,false
https://www.cnbc.com,false
https://www.popsci.com,false
https://www.allrecipes.com,false
https://www.roblox.com,true
https://www.pearson.com,false
https://www.nhl.com,true
https://www.whatsapp.com,true
https://www.mozilla.org,false
https://www.mediafire.com,true
https://www.ohchr.org,false
https://www.edge.org,false
https://www.ign.com,true
https://www.hud.gov,false
https://www.nejm.org,false
https://www.vice.com,true
https://www.mlb.com,true
https://www.iu.edu,false
https://www.nsf.gov,false
https://www.ieeexplore.ieee.org,false
https://www.vice.com,true
https://www.ea.com,false
https://www.tokyotosho.info,false
https://www.espn.com,true
https://www.nih.gov,false
https://www.ted.com,false
https://www.mastodon.social,true
https://www.allmusic.com,false
https://www.ign.com,true
https://www.si.edu,false
https://www.nintendo.com,true
https://www.history.com,false
https://www.historyextra.com,false
https://www.blogger.com,false
https://www.chronicle.com,false
https://www.mtbachelor.com,false
https://www.nfl.com,true
https://www.faa.gov,false
https://www.goodreads.com,false
https://www.zara.com,true
https://www.stanford.edu,false
https://www.engadget.com,false
https://www.cas.org,false
https://www.nps.gov,false
https://www.space.com,false
https://www.upworthy.com,true
https://www.bbc.com,false
https://www.funimation.com,true
https://www.uoft.ca,false
https://www.sony.com,false
https://www.perseus.tufts.edu,false
https://www.nga.gov,false
https://www.ea.com,false
https://www.georgetown.edu,false
https://www.tmz.com,true
https://www.uchicago.edu,false
https://www.nationalgeographic.com,false
https://www.ngkids.co.uk,false
https://www.hhs.gov,false
https://www.glencoe.com,false
https://www.factmonster.com,false
https://www.coursera.org,false
https://www.fifa.com,true
https://www.education.com,false
https://www.usc.edu,false
https://www.sporcle.com,false
https://www.sporcle.com,false
https://www.iflscience.com,false
https://www.buzzfeed.com,true
https://www.hud.gov,false
https://www.cbssports.com,true
https://www.amnesty.org,false
https://www.nbcnews.com,false
https://www.flipboard.com,false
https://www.ars.usda.gov,false
https://www.cnet.com,false
https://www.tiktok.com,true
https://www.netflix.com,true
https://www.sporcle.com,false
https://www.scientificamerican.com,false
https://www.dailymotion.com,true
https://www.hackerrank.com,false
https://www.utexas.edu,false
