,0
0,facebook
1,instagram
2,tiktok
3,twitter
4,reddit
5,snapchat
6,pinterest
7,onlyfans
8,pornhub
9,xvideos
10,xhamster
11,chaturbate
12,bongacams
13,livejasmin
14,cam4
15,bet365
16,draftkings
17,fanduel
18,pokerstars
19,888poker
20,twitch
21,youtube
22,netflix
23,hulu
24,disneyplus
25,primevideo
26,hbomax
27,crunchyroll
28,funimation
29,kick
30,fortnite
31,roblox
32,epicgames
33,steampowered
34,riotgames
35,leagueoflegends
36,callofduty
37,minecraft
38,tinder
39,bumble
40,okcupid
41,grindr
42,ashleymadison
43,4chan
44,9gag
45,buzzfeed
46,liveleak
47,tmz
48,thepiratebay
49,whatsapp
50,telegram
51,wechat
52,viber
53,kik
54,discord
55,omegle
56,tinychat
57,yubo
58,bigo
59,periscope
60,tumblr
61,imgur
62,vimeo
63,dailymotion
64,putlocker
65,123movies
66,solarmovie
67,kickass
68,yts
69,rarbg
70,torrentz
71,zoosk
72,meetme
73,plentyoffish
74,match
75,eharmony
76,affairhub
77,spankbang
78,youjizz
79,vchat
80,fling
81,zozochat
82,snapfuck
83,camrabbit
84,camwhores
85,fapello
86,redtube
87,tnaflix
88,nuvid
89,beeg
90,youporn
91,clideo
92,xbabe
93,hclips
94,drtuber
95,slutload
96,motherless
97,xvidzz
98,shockchan
99,flickr
100,weheartit
101,reverbnation
102,soundcloud
103,mixcloud
104,bandcamp
105,8tracks
106,vk
107,qq
108,line
109,imo
110,skout
111,chatroulette
112,meetspin
113,chatango
114,badoo
115,grindrapp
116,chatzy
117,icanhazchat
118,wattpad
119,fanfiction
120,archiveofourown
121,literotica
122,erome
123,megapersonals
124,swagbucks
125,neopets
126,gaiaonline
127,gamefaqs
128,miniclip
129,addictinggames
130,armorgames
131,kongregate
132,crazygames
133,pogo
134,shockwave
135,newgrounds
136,y8
137,nitrome
138,sploder
139,gamepix
140,girlsgogames
141,nick
142,cartoonnetwork
143,disney
144,pbskids
145,coolmathgames
146,mathplayground
147,funbrain
148,abcya
149,popcap
150,zynga
151,wordswithfriends
152,mobcrush
153,ustream
154,livestream
155,streamlabs
156,streamyard
157,doxbin
158,pastebin
159,justpaste
160,controlc
161,anonfiles
162,filedropper
163,zippyshare
164,mega
165,rapidgator
166,mediafire
167,sendspace
168,uploaded
169,4shared
170,wetransfer
171,uploadhaven
172,pixiv
173,newgrounds
174,e621
175,rule34
176,furaffinity
177,deviantart
178,hentaihaven
179,nhentai
180,gelbooru
